1602867869.000000, 1602867869.000000, 1602867869.000000
32.000000, 32.000000, 32.000000
-3,11,60
-3,11,60
-2,11,60
-2,11,60
-2,11,60
-2,11,60
-2,11,60
-2,11,61
-2,11,60
-2,11,60
-2,11,60
-2,11,60
-1,11,60
-2,11,60
-2,11,60
-2,11,60
-1,11,60
-2,11,60
-2,11,60
-2,10,61
-1,11,61
-1,11,60
-1,11,60
-2,11,60
-2,11,60
-1,11,60
-1,11,60
-1,11,60
-1,11,60
-2,11,60
-2,11,60
-1,11,60
-1,11,60
-2,11,60
-1,11,60
-1,11,60
-1,11,60
-1,11,60
-2,11,60
-1,11,61
-1,11,60
-2,11,60
-1,10,60
0,10,61
-1,11,60
-1,11,60
-2,11,60
-1,11,60
-1,11,60
-1,11,60
-1,11,60
-1,11,60
-1,11,60
-1,10,60
-1,10,60
0,11,60
0,11,60
-1,11,60
-1,11,60
-1,11,60
0,11,60
0,11,60
-1,11,60
-1,11,60
-1,11,60
-1,11,60
0,11,60
-1,11,60
0,11,60
0,11,60
-1,10,60
-1,11,60
-1,11,60
0,11,61
-1,11,60
-1,11,60
-2,11,60
-1,11,60
-1,11,59
-1,11,61
1,10,61
0,10,60
0,10,60
1,10,60
1,10,61
0,9,61
0,9,61
0,9,61
2,9,63
1,9,62
1,9,63
0,8,70
1,8,71
-10,8,67
-17,7,62
-20,8,61
-25,11,55
-26,11,53
-24,13,48
-22,10,46
-20,6,49
-18,5,49
-17,3,47
-7,1,57
-7,-3,58
-10,-2,55
-11,-1,52
-19,-1,63
-23,1,88
0,4,78
-12,7,55
-6,5,60
-8,1,67
-6,4,64
-13,3,60
-14,4,60
-14,3,60
-4,4,62
-7,1,63
-11,2,59
-10,1,61
-8,1,62
-16,6,59
-17,6,59
-13,13,60
-17,7,58
-16,4,59
-8,3,62
-13,4,61
-12,6,59
-13,6,61
-14,6,60
-16,6,58
-17,4,59
-16,4,59
-14,5,60
-13,5,60
-5,8,63
-10,5,60
-14,5,59
-8,5,61
-6,6,61
-6,5,61
-5,5,61
-4,4,61
-8,4,61
-6,3,63
-7,2,61
-7,5,61
-7,5,61
-7,5,61
-6,5,61
-9,5,61
-7,9,62
-7,7,62
-11,7,61
-10,6,61
-12,5,60
-8,4,60
-3,4,61
-3,6,61
-6,7,62
-4,7,62
-7,5,60
-7,7,58
-4,9,60
-4,5,62
-3,7,60
-6,5,61
-2,8,60
-3,7,62
-12,3,60
-3,5,62
-4,4,62
-6,3,61
-6,4,61
-6,4,61
-3,4,61
-2,4,62
-6,4,61
-5,4,61
-5,4,61
-4,5,61
-2,5,61
-4,4,61
-4,5,61
-3,5,62
-3,5,60
-3,5,61
-4,4,61
-5,4,61
-5,4,61
-5,4,61
-4,4,61
-3,4,61
-4,5,61
-4,5,61
-3,5,61
-2,6,61
-2,5,61
-3,5,61
-1,5,61
-1,4,61
-2,5,61
-2,5,61
-2,5,61
-1,5,61
-2,5,61
-2,5,61
-1,5,61
-1,5,61
-3,5,60
-4,5,61
-3,5,61
-1,5,61
0,4,61
-1,4,61
-1,4,62
-1,5,61
-1,5,61
-1,5,61
-2,5,61
-2,5,61
-2,5,61
-2,5,61
-2,4,61
-2,4,61
-2,4,61
-2,5,61
-2,4,61
-1,5,61
-1,4,61
-1,5,61
-1,4,61
-1,5,61
-2,4,61
-2,5,61
-2,5,61
-2,5,61
-2,4,61
-2,5,61
-2,5,61
-1,5,62
1,7,62
-1,5,61
-1,4,61
-1,5,60
-2,3,62
-7,3,61
-7,3,60
-2,5,62
-3,4,62
-6,3,61
-6,3,61
-6,4,61
-6,4,60
-5,5,61
-5,4,61
-5,3,61
-4,3,61
-4,4,61
-5,4,61
-5,4,61
-6,4,61
-6,4,61
-6,4,61
-6,4,61
-7,4,61
-6,4,61
-6,4,61
-6,4,61
-6,4,61
-5,4,61
-5,4,61
-5,5,61
-5,4,61
-5,4,61
-5,4,61
-5,4,61
-5,4,61
-5,4,61
-5,4,61
-5,4,61
-5,4,61
-5,4,61
-5,4,61
-5,4,61
-4,4,61
-2,4,62
-3,5,61
-4,4,61
-4,4,61
-5,4,61
-5,4,61
-4,5,61
-4,5,61
-5,4,61
-5,4,61
-4,5,61
-5,4,61
-4,4,61
-4,4,61
-4,4,61
-5,4,61
-5,4,61
-4,4,61
-4,4,61
-4,4,61
-4,4,61
-4,4,61
-4,4,61
-4,4,61
-4,4,61
-4,4,61
-3,4,61
-3,5,61
-3,5,61
-3,4,61
-3,4,61
-3,4,61
-3,4,61
-3,5,61
-3,5,61
-3,5,61
-3,4,61
-3,5,61
-4,5,61
-4,5,61
-4,5,61
-3,5,61
-4,5,61
-3,4,61
-3,4,61
-3,4,61
-3,5,61
-4,4,61
-4,4,61
-3,5,61
-3,4,61
-3,5,61
-4,5,61
-3,4,61
-3,5,62
-3,5,61
-3,5,61
-3,5,61
-4,5,61
-3,5,61
-3,5,61
-4,5,61
-4,5,61
-3,5,61
-3,5,61
-4,5,61
-4,5,61
-3,5,62
-4,5,61
-4,5,61
-4,5,61
-3,5,61
-4,5,61
-4,5,61
-4,4,61
-3,5,61
-4,5,61
-4,4,61
-4,5,61
-4,5,61
-3,5,61
-3,5,61
-4,5,61
-3,5,61
-3,5,61
-4,5,61
-4,5,61
-4,5,61
-3,5,61
-4,5,61
-4,5,61
-3,5,61
-3,5,61
-3,5,61
-3,5,61
-3,5,61
-3,5,61
-4,5,61
-3,5,61
-4,5,61
-4,5,61
-3,5,61
-4,5,61
-3,5,61
-3,5,61
-4,5,61
-3,5,61
-4,5,61
-4,5,61
-4,5,61
-3,5,61
-3,5,61
-4,5,61
-4,5,61
-3,5,61
-3,5,61
-3,5,61
-3,5,61
-4,5,61
-4,5,61
-3,5,61
-3,5,61
-4,5,61
-3,5,61
-4,5,61
-3,5,61
-3,5,61
-4,5,61
-3,5,61
-3,5,61
-3,5,61
-3,5,61
-3,5,61
-4,5,61
-4,5,61
-3,5,61
-3,5,61
-3,5,61
-3,5,61
-3,5,61
-4,5,61
-3,5,61
-3,5,61
-4,5,61
-3,5,61
-3,5,61
-4,5,61
-4,5,61
-3,5,61
-4,5,61
-3,5,61
-3,5,61
-3,5,61
-3,5,61
-3,5,61
-3,5,61
-3,5,61
-3,5,61
-3,5,61
-3,5,61
-3,5,61
-3,5,61
-3,5,61
-3,5,61
-4,5,61
-3,5,61
-3,5,61
-3,5,61
-3,5,61
-3,5,61
-3,5,61
-3,5,61
-3,5,61
-3,5,61
-3,5,61
-3,5,61
-3,5,61
-3,5,61
-3,5,61
-3,5,61
-3,5,61
-3,5,61
-3,5,61
-3,5,61
-3,5,61
-3,5,61
-4,5,61
-3,5,61
-3,5,61
-3,5,61
-3,5,61
-3,5,61
-3,5,61
-3,5,61
-3,5,61
-3,5,61
-3,5,61
-3,5,61
-3,5,61
-3,5,61
-3,5,61
-3,5,61
-4,5,61
-3,5,61
-3,5,61
-3,5,61
-3,5,61
-3,5,61
-3,5,61
-3,5,61
-3,5,61
-3,5,61
-4,5,61
-3,5,61
-3,5,61
-3,5,61
-3,5,61
-3,5,61
-3,5,61
-3,5,61
-3,5,61
-3,5,61
-3,5,61
-3,5,61
-3,5,61
-3,5,61
-3,5,61
-3,5,61
-3,5,61
-3,5,61
-3,5,61
-3,5,61
-3,5,61
-3,5,61
-3,5,61
-3,5,61
-3,5,61
-3,5,61
-3,5,61
-3,5,61
-3,5,61
-3,5,61
-3,5,61
-3,5,61
-3,5,61
-3,5,61
-3,5,61
-3,5,61
-3,5,61
-3,5,61
-3,5,61
-3,5,61
-3,5,61
-3,5,61
-3,5,61
-3,5,61
-3,5,61
-3,5,61
-3,5,61
-3,5,61
-3,5,61
-3,5,61
-3,5,61
-3,5,61
-3,5,61
-3,5,61
-3,5,61
-3,5,61
-3,5,61
-3,5,61
-3,5,61
-3,5,61
-3,5,61
-3,5,61
-2,5,61
-3,5,61
-3,5,61
-3,5,61
-3,5,61
-3,5,61
-3,5,61
-3,5,61
-3,5,61
-3,5,61
-3,5,61
-3,5,61
-3,5,61
-3,5,61
-3,5,61
-3,5,61
-3,5,61
-3,5,61
-3,5,61
-3,5,61
-3,5,61
-3,5,61
-3,5,61
-3,5,61
-4,5,61
-3,5,61
-3,5,61
-4,5,61
-3,5,61
-3,5,61
-3,5,61
-3,5,61
-3,5,61
-3,5,61
-3,5,61
-3,5,61
-3,5,61
-3,5,61
-3,5,61
-3,5,61
-3,5,61
-3,5,61
-3,5,61
-3,5,61
-3,5,61
-3,5,61
-3,5,61
-3,5,61
-3,5,61
-3,5,61
-3,5,61
-3,5,61
-3,5,61
-3,5,61
-3,5,61
-3,5,61
-3,5,61
-3,5,61
-3,5,61
-3,5,61
-3,5,61
-3,5,61
-3,5,61
-3,5,61
-3,5,61
-3,5,61
-3,5,61
-3,5,61
-3,5,61
-3,5,61
-3,5,61
-3,5,61
-3,5,61
-3,5,61
-3,5,61
-3,5,61
-3,5,61
-3,5,61
-3,5,61
-3,5,61
-3,5,61
-3,5,61
-3,5,61
-3,5,61
-3,5,61
-3,5,61
-3,5,61
-3,5,61
-3,5,61
-3,5,61
-3,5,61
-3,5,61
-3,5,61
-3,5,61
-3,5,61
-3,5,61
-3,5,61
-3,5,61
-3,5,61
-3,5,61
-3,5,61
-3,5,61
-3,5,61
-3,5,61
-3,5,61
-3,5,61
-3,5,61
-3,5,61
-3,5,61
-3,5,61
-3,5,61
-3,5,61
-3,5,61
-3,5,61
-3,5,61
-3,5,61
-3,5,61
-3,5,61
-3,5,61
-3,5,61
-3,5,61
-3,5,61
-3,5,61
-3,5,61
-3,5,61
-3,5,61
-3,5,61
-3,5,61
-3,5,61
-3,5,61
-3,5,61
-3,5,61
-3,5,61
-3,5,61
-3,5,61
-3,5,61
-3,5,61
-3,5,61
-3,5,61
-2,5,61
-3,5,61
-3,5,61
-2,5,61
-3,5,61
-3,5,61
-3,5,61
-3,5,61
-3,5,61
-3,5,61
-3,5,61
-3,5,61
-3,5,61
-3,5,61
-3,5,61
-3,5,61
-3,5,61
-3,5,61
-3,5,61
-3,5,61
-3,5,61
-3,5,61
-3,5,61
-3,5,61
-3,5,61
-3,5,61
-3,5,61
-3,5,61
-3,5,61
-3,5,61
-3,5,61
-3,5,61
-3,5,61
-3,5,61
-3,5,61
-3,5,61
-3,5,61
-3,5,61
-3,5,61
-3,5,61
-3,5,61
-3,5,61
-3,5,61
-3,5,61
-3,5,61
-3,5,61
-3,5,61
-3,5,61
-3,5,61
-3,5,61
-3,5,61
-3,5,61
-3,5,61
-3,5,61
-3,5,61
-3,5,61
-3,5,61
-3,5,61
-3,5,61
-3,5,61
-3,5,61
-3,5,61
-3,5,61
-3,5,61
-3,5,61
-3,5,61
-3,5,61
-3,5,61
-3,5,61
-3,5,61
-3,5,61
-3,5,61
-3,5,61
-3,5,61
-3,5,61
-3,5,61
-3,5,61
-3,5,61
-3,5,61
-3,5,61
-3,5,61
-3,5,61
-3,5,61
-3,5,61
-3,5,61
-3,5,61
-3,5,61
-3,5,61
-3,5,61
-3,5,61
-3,5,61
-3,5,61
-3,5,61
-3,5,61
-3,5,61
-3,5,61
-3,5,61
-3,5,61
-3,5,61
-3,5,61
-3,5,61
-3,5,61
-3,5,61
-3,5,61
-3,5,61
-3,5,61
-3,5,61
-3,5,61
-3,5,61
-3,5,61
-3,5,61
-3,5,61
-3,5,61
-3,5,61
-3,5,61
-3,5,61
-3,5,61
-3,5,61
-3,5,61
-3,5,61
-3,5,61
-3,5,61
-3,5,61
-3,5,61
-3,5,61
-3,5,61
-3,5,61
-3,5,61
-3,5,61
-3,5,61
-3,5,61
-3,5,61
-3,5,61
-3,5,61
-3,5,61
-3,5,61
-3,5,61
-3,5,61
-3,5,61
-3,5,61
-3,5,61
-3,5,61
-3,5,61
-3,5,61
-3,5,61
-3,5,61
-3,5,61
-3,5,61
-3,5,61
-3,5,61
-3,5,61
-3,5,61
-3,5,61
-3,5,61
-3,5,61
-3,5,61
-3,5,61
-3,5,61
-3,5,61
-3,5,61
-3,5,61
-3,5,61
-3,5,61
-3,5,61
-3,5,61
-3,5,61
-3,5,61
-3,5,61
-3,5,61
-2,5,61
-2,5,61
-3,5,61
-3,5,61
-3,5,61
-2,5,61
-2,5,61
-2,5,61
-3,5,61
-3,5,61
-3,5,61
-2,5,61
-3,5,61
-3,5,61
-3,5,61
-2,5,61
-2,5,61
-2,5,61
-2,5,61
-2,5,61
-3,5,61
-3,5,61
-3,5,61
-3,5,61
-2,5,61
-2,5,61
-3,5,61
-3,5,61
-3,5,61
-2,5,61
-2,5,61
-2,5,61
-2,5,61
-2,5,61
-3,5,61
-2,5,61
-2,5,61
-3,5,61
-3,5,61
-2,5,61
-2,5,61
-2,5,61
-2,5,61
-2,5,61
-3,5,61
-2,5,61
-2,5,61
-3,5,61
-2,5,62
-2,5,61
-2,5,61
-2,5,61
-2,5,61
-3,5,61
-2,5,61
-2,5,61
-2,5,61
-2,5,61
-3,5,61
-2,5,61
-2,5,61
-2,5,61
-3,5,61
-2,5,61
-2,5,61
-2,5,61
-2,5,61
-2,5,61
-2,5,61
-2,5,61
-2,5,61
-2,5,61
-2,5,61
-2,5,61
-2,5,61
-2,5,61
-2,5,61
-2,5,61
-2,5,61
-2,5,61
-2,5,61
-2,5,61
-2,5,61
-2,5,61
-2,5,61
-2,5,61
-3,5,61
-3,5,61
-2,5,61
-2,5,61
-2,5,61
-2,5,61
-2,5,61
-2,5,61
-2,5,61
-2,5,61
-2,5,61
-2,5,61
-3,5,61
-2,5,61
-2,5,61
-2,5,61
-2,5,61
-2,5,61
-2,5,61
-2,5,61
-2,5,61
-2,5,61
-2,5,61
-2,5,61
-2,5,61
-2,5,61
-2,5,61
-2,5,61
-2,5,61
-2,5,61
-2,5,61
-2,5,61
-2,5,61
-2,5,61
-2,5,61
-2,5,61
-2,5,61
-2,5,61
-2,5,61
-2,5,61
-2,5,61
-2,5,61
-2,5,61
-2,5,61
-2,5,61
-2,5,61
-2,5,61
-2,5,61
-3,5,61
-2,5,61
-1,5,61
-3,5,61
-3,5,61
-2,5,61
-2,5,61
-2,5,61
-2,5,61
-2,5,61
-2,5,61
-2,5,61
-3,5,61
-2,5,61
-3,5,61
-3,5,61
-2,5,61
-2,5,61
-3,5,61
-3,5,61
-2,5,61
-3,5,61
-3,5,61
-3,5,61
-3,5,61
-3,5,61
-2,5,61
-3,5,61
-3,5,61
-2,5,61
-3,5,61
-3,5,61
-2,5,61
-2,5,61
-3,5,61
-2,5,61
-2,5,61
-2,5,61
-3,5,61
-2,5,61
-2,5,61
-3,5,61
-3,5,61
-2,5,61
-3,5,62
-3,5,61
-3,5,61
-3,5,61
-3,5,61
-3,5,61
-3,5,61
-4,5,61
-3,5,61
-3,4,61
-3,5,61
-3,5,61
-3,5,61
-3,5,61
-3,4,61
-4,4,61
-4,5,61
-3,5,61
-3,4,61
-4,4,61
-3,4,61
-3,4,61
-3,4,61
-4,5,61
-5,4,61
-5,4,61
-4,4,61
-4,4,61
-5,5,60
-4,5,61
-2,5,62
-1,5,62
-4,4,61
-4,5,61
-3,5,62
-4,5,61
-5,4,60
-3,5,61
-2,5,62
-4,5,61
-7,5,60
-3,3,60
2,5,62
0,4,62
0,4,61
-2,5,59
-3,4,61
-3,3,60
0,5,61
1,4,60
-1,5,60
-1,5,60
1,7,62
0,6,61
0,5,61
3,6,62
4,8,61
5,6,61
1,7,61
0,7,61
-2,7,61
0,8,61
0,7,61
3,7,61
2,7,62
-1,8,65
-3,4,56
-1,7,60
18,-1,57
-1,5,62
-3,4,60
0,4,60
2,4,62
1,5,62
-1,5,61
-1,5,60
0,5,61
0,5,61
1,5,61
1,5,61
1,5,61
0,5,61
0,5,61
1,5,61
1,5,61
0,5,61
1,5,61
2,5,61
1,5,61
0,5,61
1,5,61
0,4,61
1,5,61
1,5,61
1,5,61
0,5,61
1,5,61
1,5,61
0,5,61
1,4,61
1,5,61
1,5,61
1,5,61
1,5,61
1,5,61
1,5,61
1,5,61
0,5,61
1,5,61
1,5,61
1,5,61
1,5,61
1,5,61
1,5,61
1,5,61
1,5,61
1,5,61
1,5,61
1,4,61
1,5,61
1,5,61
1,5,61
1,5,61
1,5,61
1,5,61
1,5,61
1,5,61
1,5,61
1,5,61
1,5,61
0,5,61
1,4,61
1,5,61
0,5,61
1,5,61
1,4,61
2,4,62
1,4,61
1,4,61
0,5,61
1,5,61
1,4,61
1,4,61
1,4,61
1,5,61
1,5,61
1,5,61
1,5,61
1,5,61
1,5,61
1,4,61
2,4,61
1,5,61
1,4,61
2,4,61
1,5,61
1,4,61
1,5,61
1,4,61
2,5,61
1,5,61
1,5,61
0,5,61
1,5,61
1,4,61
1,5,61
1,4,61
1,5,61
1,5,61
1,5,61
1,5,61
1,5,61
1,4,61
1,4,61
1,4,61
1,4,61
1,4,61
1,5,61
1,4,61
1,5,61
1,4,61
1,4,61
1,4,61
1,4,61
1,4,61
2,4,61
1,4,61
1,5,61
1,5,61
1,5,61
1,4,61
2,5,61
1,5,61
1,5,61
1,5,61
1,5,61
1,5,61
1,5,61
1,4,61
1,4,61
1,4,61
2,4,61
2,4,62
2,5,61
0,4,61
0,5,61
1,5,62
2,5,61
1,5,61
1,5,61
1,5,61
1,5,61
1,5,61
0,5,61
2,5,62
0,5,61
0,5,61
1,5,61
1,5,61
1,4,61
2,5,61
2,4,61
1,4,61
1,5,61
1,5,61
2,5,62
2,5,61
0,5,60
2,5,61
1,5,61
1,5,61
3,5,61
1,5,61
1,5,61
2,5,61
2,5,61
2,5,61
2,5,61
1,5,60
1,5,61
2,5,61
1,4,61
1,4,61
2,5,61
2,5,61
3,5,61
4,6,61
4,6,62
1,5,61
1,6,61
2,5,61
3,5,61
3,5,61
3,5,61
3,5,61
3,5,61
2,5,61
2,5,61
3,5,61
3,6,61
2,5,61
3,5,61
3,5,61
2,6,61
2,5,61
2,5,61
2,5,61
2,5,61
2,5,61
3,5,61
2,6,61
3,5,61
3,5,61
2,5,61
2,5,61
3,5,61
3,5,61
2,5,61
2,5,61
3,5,61
3,5,61
3,5,61
3,5,61
3,5,61
2,5,61
3,5,61
3,5,61
2,5,61
3,5,61
3,5,61
3,5,61
2,5,61
3,5,61
3,5,61
3,5,61
3,5,61
3,5,61
3,5,61
3,5,61
3,5,61
3,5,61
3,5,61
3,5,61
3,5,61
3,5,61
3,5,61
3,5,61
2,5,61
3,5,61
3,5,61
3,5,61
3,5,61
3,5,61
3,5,61
3,5,61
3,5,61
3,5,61
3,5,61
3,5,61
3,5,61
3,5,61
3,5,61
3,5,61
3,5,61
3,5,61
3,5,61
3,5,61
3,5,61
3,5,61
3,5,61
3,5,61
4,6,61
2,5,61
3,5,61
4,5,61
2,5,61
3,5,61
4,5,61
5,5,61
0,5,61
1,5,61
4,5,61
3,4,61
2,4,61
3,5,61
3,5,61
2,5,61
3,5,61
3,5,61
2,5,61
2,5,61
3,5,61
3,5,61
2,5,61
3,5,61
3,5,61
3,5,61
3,5,61
3,5,61
2,5,61
3,5,62
5,5,61
4,5,61
2,4,61
3,5,61
3,5,61
3,5,61
3,5,61
4,5,61
4,5,61
3,5,61
3,5,61
3,5,61
3,5,61
3,5,61
3,5,61
3,5,61
4,5,61
3,5,60
3,4,60
5,5,61
5,6,62
3,6,61
3,4,60
0,5,60
1,5,60
2,5,61
3,6,61
4,5,61
1,8,61
3,7,61
5,7,62
6,5,61
4,7,62
3,7,60
4,6,60
4,8,61
3,6,61
5,6,61
3,8,60
4,7,61
6,7,61
5,7,61
6,7,61
6,6,61
3,7,60
4,6,60
6,7,62
7,5,60
4,7,48
3,7,62
7,7,61
6,2,58
5,4,60
3,5,62
3,4,60
2,4,60
4,4,61
3,5,61
4,4,61
4,4,61
3,4,61
4,4,61
4,4,61
3,4,61
3,5,61
3,5,61
3,5,61
3,4,61
3,5,61
3,4,61
4,4,61
4,5,61
3,4,61
3,4,61
3,5,61
4,4,61
4,4,61
3,4,61
3,4,61
3,5,61
3,4,61
3,5,61
3,4,61
3,4,61
3,5,61
3,4,61
4,4,61
4,4,61
3,4,61
3,4,61
4,4,61
4,4,61
3,4,61
3,4,61
4,4,61
3,4,60
4,4,61
3,4,61
4,4,61
4,4,61
4,4,61
4,4,61
4,4,61
4,4,61
6,5,61
4,4,61
6,5,61
5,4,61
4,4,60
5,4,61
4,4,61
4,4,61
4,4,61
4,5,61
8,4,61
5,4,61
4,4,61
4,4,61
4,4,61
5,4,61
6,4,61
4,4,61
5,5,61
5,5,61
5,4,61
6,4,61
5,4,61
5,4,61
5,4,60
6,4,61
5,4,61
5,4,61
5,4,61
5,5,61
5,4,61
5,5,60
5,5,60
5,4,61
5,4,61
6,4,61
5,4,60
5,4,61
5,4,61
5,4,61
5,4,61
5,4,61
5,4,61
5,4,61
5,5,61
5,4,61
5,4,61
5,4,61
5,4,61
5,4,61
5,4,61
5,4,61
5,4,61
5,4,61
5,5,61
5,4,61
5,4,61
5,4,61
5,4,61
5,4,61
5,4,61
5,5,60
5,4,61
5,4,61
5,4,61
5,4,61
5,4,61
4,5,60
5,4,61
5,4,61
5,4,61
5,4,61
5,4,61
5,4,61
5,5,61
5,4,61
5,4,61
5,5,61
5,4,61
5,4,61
5,4,61
5,5,61
5,5,61
5,4,61
5,4,61
5,5,61
5,4,61
5,4,61
5,4,61
5,4,61
5,4,61
5,4,61
5,4,61
5,4,61
5,4,61
5,4,61
5,4,61
5,5,60
5,4,61
5,4,61
5,4,61
5,4,61
5,4,61
5,4,61
5,4,61
5,4,61
5,4,61
5,4,61
5,4,61
5,4,61
5,4,61
5,4,61
5,4,61
5,4,61
5,4,61
5,4,61
5,4,61
5,4,61
5,5,61
5,4,61
5,4,61
6,4,61
5,4,60
6,5,61
6,4,62
8,5,60
4,4,60
7,5,60
7,5,61
6,4,61
7,5,61
6,5,61
8,5,62
5,4,60
9,5,62
5,4,60
5,4,60
6,5,61
6,5,61
6,4,61
6,5,61
6,5,61
6,4,61
6,4,61
6,5,61
5,4,61
6,4,61
6,4,61
5,4,61
5,4,61
5,4,61
6,4,60
6,4,61
6,4,61
5,4,61
5,4,61
5,4,61
5,4,61
5,4,61
6,5,61
6,4,61
5,4,61
5,4,60
6,4,61
5,4,61
5,4,61
6,4,61
5,5,61
6,4,61
5,4,61
5,4,61
5,4,61
5,4,61
5,4,61
5,5,61
5,4,61
5,4,61
5,4,60
5,4,61
5,4,61
5,4,61
5,5,61
5,4,61
5,4,61
5,4,61
5,4,61
5,4,61
5,4,60
5,4,61
5,5,61
5,5,60
5,4,61
5,4,61
5,5,61
5,5,61
5,5,61
5,5,61
5,5,61
5,5,61
5,5,61
5,5,61
5,5,61
5,5,61
5,4,60
5,4,61
5,5,61
5,5,61
5,5,61
5,5,61
6,4,61
4,5,61
3,5,60
5,4,61
2,6,61
1,5,60
4,5,61
2,5,61
5,6,60
6,7,61
4,6,61
5,6,61
5,6,61
5,6,61
4,6,61
3,6,61
5,6,61
4,6,60
4,6,61
6,7,61
7,7,61
5,6,60
5,7,60
6,7,61
8,7,61
7,7,60
5,7,60
7,7,60
7,7,60
7,7,61
8,7,61
8,7,60
3,6,63
10,9,62
6,4,52
-4,5,60
-2,0,57
9,5,60
1,6,58
0,4,60
3,4,61
4,3,60
6,4,61
3,4,60
3,4,61
5,4,61
5,4,61
4,4,61
4,4,61
4,4,61
4,4,61
4,4,61
4,4,61
4,4,61
4,4,61
4,4,61
4,4,61
4,4,61
4,4,61
4,4,61
4,4,61
4,4,61
4,4,61
4,4,61
4,4,61
4,4,60
5,4,61
5,4,60
5,4,61
4,4,60
5,4,61
8,4,61
8,5,61
3,3,60
6,5,61
6,4,60
6,5,61
8,5,61
11,3,61
7,5,61
6,4,61
7,5,61
7,4,61
7,4,60
7,4,60
7,4,61
7,4,61
7,4,61
7,4,61
7,5,61
7,4,61
7,4,61
7,4,60
7,4,60
7,5,61
7,4,61
7,4,60
7,4,60
7,4,61
7,4,61
7,4,60
7,4,61
7,4,60
7,4,61
7,5,61
7,4,60
7,4,60
7,4,61
7,4,60
7,4,60
7,4,60
7,4,61
7,4,60
7,4,61
7,4,60
7,4,61
7,4,60
7,4,61
7,4,61
7,4,61
7,4,60
7,4,61
7,4,61
7,4,60
7,4,60
7,4,61
7,4,60
7,4,60
7,4,60
7,4,60
7,4,60
7,4,61
8,4,60
8,4,60
8,4,60
8,4,60
8,4,60
8,4,60
8,4,60
8,4,60
8,4,60
8,4,60
8,4,60
8,4,60
8,4,60
8,4,60
8,4,60
8,4,60
8,4,60
8,4,60
8,4,60
8,4,60
8,4,60
8,4,60
8,4,60
8,4,60
8,4,60
8,4,60
8,4,60
8,4,60
8,4,60
8,4,60
8,4,60
8,4,60
8,4,60
8,4,60
8,4,60
8,4,60
8,4,60
8,4,60
8,4,60
8,4,60
8,4,60
8,4,60
8,4,60
8,4,60
8,4,60
8,4,60
8,4,60
8,4,60
8,4,60
8,4,60
8,4,60
8,4,60
8,4,60
8,4,60
8,4,60
8,4,60
8,4,60
8,4,60
8,4,60
8,4,60
8,4,60
8,4,60
8,4,60
8,4,60
8,4,60
8,4,60
8,4,60
8,4,60
8,4,60
8,4,60
8,4,60
8,4,60
8,4,60
8,4,60
8,4,60
8,4,60
8,4,60
8,4,60
8,4,60
8,4,60
8,4,60
8,4,60
8,4,60
8,4,60
8,4,60
8,4,60
8,4,60
8,4,60
8,4,60
8,4,60
8,4,60
8,4,60
8,4,60
8,4,60
8,4,60
8,4,60
8,4,60
8,4,60
8,4,60
8,4,60
8,4,60
8,4,60
8,4,60
8,4,60
8,4,60
8,4,60
8,4,60
8,4,60
8,4,60
8,4,60
8,4,60
8,4,60
8,4,60
8,4,60
8,4,60
8,4,60
8,4,60
8,4,60
8,4,60
8,4,60
8,4,60
8,4,60
8,4,60
8,4,60
8,4,60
8,4,60
8,4,60
8,4,60
8,4,60
8,4,60
8,4,60
8,4,60
8,4,60
7,4,60
7,4,60
7,4,61
7,4,61
7,4,60
7,4,61
7,4,60
7,4,60
8,4,60
7,4,61
7,4,60
7,4,60
8,4,61
8,4,60
8,4,60
8,4,60
8,4,61
8,4,60
7,4,60
7,4,60
8,4,60
8,4,60
8,4,61
8,4,60
7,4,60
8,4,61
8,4,60
8,4,61
8,4,60
8,4,60
8,4,61
7,4,60
8,4,60
7,4,60
7,4,61
8,4,60
8,4,60
8,4,60
8,4,60
8,4,60
8,4,61
7,4,60
7,4,60
8,4,61
8,4,60
8,4,61
8,4,61
8,4,60
8,4,60
8,4,61
7,4,61
8,4,61
8,4,61
8,4,60
7,4,60
7,4,60
8,4,61
8,4,61
7,4,61
8,4,60
7,4,60
8,4,61
7,4,60
8,4,61
7,4,60
7,4,61
7,4,60
8,4,61
7,4,60
8,4,61
7,4,60
7,4,60
8,4,61
7,4,60
7,4,61
8,4,61
7,4,61
8,4,61
8,4,61
8,4,60
7,4,61
8,4,60
8,4,60
7,4,60
8,4,60
8,4,60
7,4,61
7,4,60
8,4,61
7,4,60
8,4,61
7,4,60
8,4,61
7,4,61
8,4,61
7,4,60
7,4,60
7,4,60
7,4,60
7,4,60
8,4,61
8,4,61
7,4,61
8,4,60
8,4,60
7,4,60
8,4,61
7,4,61
7,4,60
7,4,61
7,4,61
7,4,61
7,4,60
8,4,60
7,4,60
7,4,61
7,4,61
8,4,61
7,4,60
8,4,60
8,4,61
7,4,61
8,4,61
7,4,61
7,4,60
7,4,60
7,4,61
7,4,60
7,4,60
7,4,61
7,4,60
7,4,60
7,4,60
7,4,61
7,4,61
8,4,61
8,4,61
7,4,61
7,4,61
8,4,60
7,4,60
8,4,60
8,4,61
7,4,60
7,4,60
8,4,60
8,4,60
8,4,60
8,4,60
7,4,61
8,4,60
8,4,60
7,4,60
8,4,60
8,4,61
7,4,60
8,4,60
7,4,60
8,4,60
7,4,60
8,4,61
7,4,60
7,4,61
8,4,60
8,4,61
8,4,60
7,4,60
8,4,60
8,4,61
8,4,60
8,4,60
7,4,60
7,4,60
8,4,61
8,4,61
7,4,60
8,4,60
8,4,60
8,4,61
7,4,61
7,4,61
7,4,60
7,4,60
8,4,60
8,4,60
7,4,60
7,4,61
7,4,61
7,4,60
8,4,61
8,4,61
8,4,60
8,4,61
8,4,60
7,4,61
7,4,61
8,4,61
7,4,60
7,4,60
8,4,61
8,4,61
8,4,60
8,4,61
8,4,61
8,4,60
8,4,61
7,4,61
8,4,60
8,4,60
7,4,60
8,4,61
7,4,61
7,4,60
7,4,60
8,5,61
7,4,60
10,2,60
8,4,61
7,4,60
7,4,60
8,4,60
8,4,60
8,4,60
9,5,61
8,5,60
8,4,60
8,4,60
8,4,60
8,4,61
8,5,60
8,4,60
8,4,60
8,4,61
9,4,59
8,4,61
8,4,60
8,5,60
8,5,61
8,4,61
8,5,60
8,4,60
9,4,60
8,5,60
8,4,61
8,4,60
8,4,60
7,4,60
7,4,61
7,4,60
8,4,61
8,4,60
7,4,60
7,5,61
8,4,61
8,4,61
7,4,61
8,4,61
7,4,60
7,5,60
7,5,61
8,5,61
7,3,60
7,4,60
8,5,60
7,4,60
8,4,61
8,4,60
7,4,60
7,4,60
7,5,60
7,5,60
7,4,60
7,5,61
6,4,60
6,5,60
7,5,61
7,5,60
7,4,61
7,4,60
7,5,61
7,5,60
7,5,61
7,4,61
7,4,60
7,4,60
7,4,60
7,4,60
7,4,60
6,4,60
7,4,61
6,3,59
9,4,61
11,6,61
6,4,60
4,3,60
2,4,59
2,5,58
10,7,64
10,8,61
7,6,61
3,6,61
2,7,60
7,7,60
7,7,61
5,7,60
10,7,61
7,7,60
8,7,60
10,7,60
10,7,60
8,7,60
7,7,60
11,7,60
8,7,60
7,7,60
9,7,60
8,7,60
9,7,60
8,7,60
8,8,60
9,8,61
10,7,62
8,6,63
-1,17,65
24,-5,47
17,3,64
7,4,58
5,4,59
11,5,61
8,4,60
9,5,60
8,4,60
10,4,60
10,5,61
9,5,60
9,5,60
10,5,60
9,5,60
9,5,60
7,6,61
11,5,60
9,5,60
9,5,60
9,5,60
9,5,60
9,5,60
9,5,60
9,5,60
9,5,60
9,5,60
9,5,60
10,5,60
9,5,60
9,5,60
9,5,60
9,5,60
9,5,60
9,5,60
9,5,60
9,5,60
9,5,60
8,5,60
9,5,60
9,5,60
9,5,60
9,5,60
9,5,60
9,5,60
9,5,60
9,5,60
8,5,60
8,5,60
9,5,60
9,5,60
9,5,60
9,5,60
9,5,60
9,5,60
9,5,60
9,5,60
11,4,60
9,5,61
9,6,60
10,5,60
10,6,60
9,6,60
6,10,60
20,3,62
11,4,60
9,5,60
9,5,60
11,5,61
9,5,60
9,6,60
10,6,60
10,5,60
9,6,60
10,5,60
10,5,60
10,5,60
10,5,60
10,5,60
9,5,60
9,5,60
9,6,60
10,6,60
10,5,60
10,5,60
9,5,60
9,5,60
10,5,60
10,5,60
10,5,60
10,5,60
10,5,60
9,5,60
10,5,60
9,5,60
9,5,60
10,5,60
10,5,60
10,5,60
10,5,60
10,5,60
10,5,60
10,5,60
10,5,60
10,5,60
10,5,60
10,5,60
9,5,60
9,5,60
10,5,60
10,5,60
10,5,60
10,5,60
10,5,60
10,5,60
9,5,60
9,5,60
10,5,60
9,5,60
9,5,60
10,5,60
10,5,60
10,5,60
9,5,60
9,5,60
10,5,60
10,5,60
10,5,60
10,5,60
9,5,60
10,5,60
10,5,60
10,5,60
9,5,60
9,5,60
10,5,60
10,5,60
10,5,60
10,5,60
10,5,60
10,5,60
10,5,60
10,5,60
9,5,60
9,5,60
10,5,60
10,6,60
10,5,60
10,5,60
10,5,60
9,6,60
12,5,61
13,7,61
8,5,61
9,5,59
10,5,60
9,4,60
10,4,59
11,5,60
8,5,59
7,5,60
10,5,60
10,4,60
12,5,60
11,5,60
9,5,60
11,5,60
12,5,60
11,6,60
11,5,60
10,5,60
10,5,60
10,5,60
10,5,60
10,5,60
10,5,60
11,5,60
11,5,60
11,5,60
11,5,60
10,5,60
9,5,60
10,5,60
10,5,60
10,5,59
11,5,60
11,5,60
11,5,60
11,5,60
11,5,60
11,5,60
11,5,60
11,5,60
11,5,60
11,5,60
11,5,60
11,5,60
11,5,60
11,5,60
11,5,60
11,5,60
11,5,60
11,5,60
11,5,60
11,5,60
11,5,60
11,5,60
11,5,60
11,5,60
8,5,60
13,5,60
11,5,60
11,5,60
11,5,60
10,5,60
11,5,60
11,5,60
11,5,60
11,5,60
11,5,60
11,5,60
11,5,60
11,5,60
11,5,60
11,5,60
11,5,60
11,5,60
11,5,60
11,5,60
11,5,60
11,5,60
11,6,60
11,5,60
11,6,60
11,5,60
11,5,60
11,5,60
11,5,60
10,6,60
11,5,60
11,5,60
11,5,60
10,5,60
10,5,60
11,5,60
11,5,60
11,5,60
11,5,60
11,5,60
10,5,60
10,5,60
10,5,60
10,5,60
11,5,60
10,5,60
11,5,60
10,5,60
10,5,60
10,5,60
11,5,60
10,5,60
10,5,60
10,5,60
10,5,60
11,5,60
11,5,60
10,6,60
11,5,60
11,5,60
11,5,60
10,6,60
11,5,60
11,5,60
10,5,60
11,5,60
10,6,60
11,5,60
11,5,60
11,6,60
10,5,60
10,5,60
11,6,60
11,6,60
11,6,60
11,6,60
11,6,60
10,6,60
10,6,60
10,5,60
11,6,60
10,6,60
11,5,60
8,6,59
9,4,60
13,6,60
8,5,58
12,5,61
12,5,61
12,4,60
14,6,60
7,4,59
11,5,62
13,6,59
11,5,60
11,5,60
11,5,60
12,5,60
12,5,60
11,4,60
12,5,60
10,4,59
10,4,60
10,5,60
10,4,60
10,5,60
10,5,60
11,5,60
11,5,60
12,4,60
12,4,60
12,5,59
11,5,59
13,5,60
13,4,60
12,5,59
11,5,60
13,4,60
13,4,60
11,5,60
11,5,59
13,5,60
12,4,59
12,5,59
12,5,60
12,5,60
12,5,60
12,5,60
12,4,60
12,5,60
13,5,60
13,5,60
12,5,60
12,5,60
12,5,60
8,5,60
12,5,60
12,4,60
12,5,60
13,4,61
12,4,60
12,4,60
9,5,59
7,6,58
8,4,62
13,5,60
9,5,60
10,5,59
12,5,60
12,5,60
13,5,61
12,5,59
13,5,59
13,6,60
11,7,61
16,5,59
7,7,59
10,7,59
14,7,60
13,8,61
14,7,59
14,7,59
17,7,61
13,8,60
14,8,59
13,9,60
13,9,59
13,8,59
13,8,60
14,9,59
13,8,59
11,8,59
12,8,59
12,9,59
11,9,59
12,8,59
12,9,60
12,8,60
12,9,60
13,8,60
11,9,59
9,9,62
19,10,68
23,8,61
10,3,57
2,10,52
7,4,60
11,5,61
14,6,61
10,5,60
10,5,60
10,5,60
10,5,60
10,4,60
12,5,60
9,4,60
10,5,60
11,5,60
11,5,60
10,5,59
9,5,60
10,5,59
12,4,60
12,4,60
10,4,60
7,5,59
10,5,60
14,4,61
11,4,60
10,3,60
12,4,61
12,4,61
8,6,59
10,4,60
13,4,60
12,5,60
10,5,60
12,4,60
13,4,60
11,5,60
10,5,60
13,5,60
13,4,60
11,5,59
10,5,60
12,5,60
11,4,60
11,4,60
11,5,60
12,4,60
11,4,60
10,5,59
11,5,60
12,5,60
11,5,60
11,5,60
11,5,60
11,5,60
11,5,60
11,5,60
11,5,60
11,5,60
11,4,60
11,5,60
11,4,60
12,5,60
11,4,60
11,5,60
11,5,60
11,4,60
11,4,60
12,5,60
11,5,60
10,5,59
11,4,60
12,5,60
11,5,60
11,5,60
11,5,60
11,5,60
11,5,60
11,5,60
11,4,60
11,5,60
10,5,60
11,5,60
10,5,60
11,5,60
11,5,59
12,5,60
11,5,60
11,5,60
11,5,60
11,4,60
12,5,60
10,5,60
10,5,59
11,5,60
10,5,60
11,5,60
11,5,60
11,4,60
11,5,60
12,5,60
11,5,60
10,5,60
11,5,60
11,5,60
11,5,60
11,4,60
11,5,60
10,5,60
11,5,60
11,5,60
11,5,60
11,5,60
10,5,60
10,5,60
11,5,60
11,5,60
10,5,60
11,5,60
11,5,60
10,5,60
11,5,60
12,5,60
10,5,60
11,5,60
11,5,60
11,5,60
11,5,60
10,5,60
10,5,60
11,5,60
11,5,60
11,5,60
10,5,60
11,5,60
10,5,60
11,5,60
10,5,60
11,4,60
12,5,60
11,5,60
11,5,60
11,5,60
10,5,60
11,5,60
11,5,60
10,5,60
11,5,60
11,5,60
11,5,60
11,5,60
11,5,60
11,5,60
11,5,60
